{"cameraMode":{"drawMode":0,"name":"Shaded","section":"Shading Mode"},"sceneLighting":true,"audioPlay":false,"sceneViewState":{"showFog":true,"showMaterialUpdate":true,"showSkybox":true,"showFlares":true,"showImageEffects":true,"showParticleSystems":true},"in2DMode":false,"pivot":{"x":42.314369201660159,"y":72.03865814208985,"z":19.68557357788086},"rotation":{"x":0.11452359706163407,"y":0.33201074600219729,"z":-0.04061538353562355,"w":0.93544602394104},"size":17.687082290649415,"orthographic":false}