{"cameraMode":{"drawMode":0,"name":"Shaded","section":"Shading Mode"},"sceneLighting":true,"audioPlay":false,"sceneViewState":{"showFog":true,"showMaterialUpdate":true,"showSkybox":true,"showFlares":true,"showImageEffects":true,"showParticleSystems":true},"in2DMode":false,"pivot":{"x":776.1011962890625,"y":47.725521087646487,"z":855.890625},"rotation":{"x":-0.02568679489195347,"y":-0.9742297530174255,"z":0.1517273634672165,"w":-0.16493065655231477},"size":22.607208251953126,"orthographic":false}