{"cameraMode":{"drawMode":0,"name":"Shaded","section":"Shading Mode"},"sceneLighting":true,"audioPlay":false,"sceneViewState":{"showFog":true,"showMaterialUpdate":true,"showSkybox":true,"showFlares":true,"showImageEffects":true,"showParticleSystems":true},"in2DMode":false,"pivot":{"x":-49.08393478393555,"y":270.8490905761719,"z":-43.68537139892578},"rotation":{"x":0.004230732098221779,"y":-0.992006242275238,"z":0.12143687158823013,"w":0.034527361392974856},"size":5208.86669921875,"orthographic":false}