{"cameraMode":{"drawMode":0,"name":"Shaded","section":"Shading Mode"},"sceneLighting":true,"audioPlay":false,"sceneViewState":{"showFog":true,"showMaterialUpdate":true,"showSkybox":true,"showFlares":true,"showImageEffects":true,"showParticleSystems":true},"in2DMode":false,"pivot":{"x":216.19570922851563,"y":144.60296630859376,"z":-2.5718533992767336},"rotation":{"x":0.0026898325886577369,"y":-0.008642309345304966,"z":-0.00004396427175379358,"w":-0.9999904036521912},"size":219.04690551757813,"orthographic":false}