{"cameraMode":{"drawMode":0,"name":"Shaded","section":"Shading Mode"},"sceneLighting":true,"audioPlay":false,"sceneViewState":{"showFog":true,"showMaterialUpdate":true,"showSkybox":true,"showFlares":true,"showImageEffects":true,"showParticleSystems":true},"in2DMode":false,"pivot":{"x":0.7716600298881531,"y":5.969350337982178,"z":4.737430095672607},"rotation":{"x":0.38213419914245608,"y":-0.23832803964614869,"z":0.10267488658428192,"w":0.8869400024414063},"size":8.466277122497559,"orthographic":false}